External_Id__c,Name
1,Talane
2,Quimm
3,Aimbu
4,Devcast
5,Tekfly
6,Yotz
7,Kare
8,Oodoo
9,Trupe
10,Skiba
11,Thoughtstorm
12,Gigazoom
13,Devcast
14,Zoomdog
15,Bluezoom
16,Kazu
17,Browsezoom
18,Kayveo
19,Zazio
20,Devpulse
21,Meevee
22,Mydeo
23,Browsezoom
24,Topiczoom
25,Bluejam
26,Meeveo
27,Midel
28,Katz
29,Dabvine
30,Twitterwire
31,Devpulse
32,Topicshots
33,Dynabox
34,Trilia
35,Gabvine
36,Buzzshare
37,Babbleset
38,Mudo
39,Voomm
40,Devbug
41,Kayveo
42,Camido
43,Skilith
44,Twinder
45,Demivee
46,Skyble
47,Eare
48,Dazzlesphere
49,Skalith
50,Zoozzy
51,Yodo
52,Skimia
53,Quatz
54,Meevee
55,Dynava
56,Rhybox
57,Bubblebox
58,Lazz
59,Buzzdog
60,Plambee
61,Yakijo
62,Topdrive
63,Zoomdog
64,Blogtag
65,Riffpath
66,Devcast
67,Jaloo
68,Topicshots
69,Skyba
70,Topicshots
71,Livefish
72,Edgewire
73,Feedfish
74,Geba
75,Topicware
76,Kwimbee
77,Eimbee
78,Jetpulse
79,Tazz
80,Tagcat
81,Browsebug
82,Muxo
83,Feedmix
84,Twitterbeat
85,Brightbean
86,Tekfly
87,Abata
88,Dynabox
89,Devify
90,Youtags
91,Blognation
92,Lajo
93,Zooxo
94,Wikido
95,JumpXS
96,Zazio
97,Gabtype
98,Gabcube
99,Avavee
100,Zooveo
101,Leexo
102,Twinte
103,Wordpedia
104,Pixoboo
105,Avamba
106,Realbridge
107,Zoombox
108,Vidoo
109,Kaymbo
110,Photobean
111,Wordtune
112,Zoomcast
113,Gabcube
114,Tagtune
115,Dabfeed
116,Babbleopia
117,Midel
118,Teklist
119,Tagpad
120,Buzzdog
121,Youspan
122,Twitterbeat
123,Reallinks
124,Yata
125,Izio
126,Twinte
127,Zoomcast
128,Geba
129,Camimbo
130,Podcat
131,Bluezoom
132,Jabberbean
133,Realcube
134,Skidoo
135,Thoughtstorm
136,Youfeed
137,Edgewire
138,Buzzster
139,Kwimbee
140,Vipe
141,Youbridge
142,Skiptube
143,Cogibox
144,Dabjam
145,Innotype
146,Skynoodle
147,Babbleset
148,Brainbox
149,Minyx
150,Roomm
151,Voolia
152,Realbridge
153,Mita
154,Twitterwire
155,Quamba
156,Photojam
157,Viva
158,Mynte
159,Edgepulse
160,InnoZ
161,Skipstorm
162,Aimbu
163,Edgeclub
164,Pixoboo
165,Dabshots
166,Rhycero
167,Yambee
168,Viva
169,Yakitri
170,Realpoint
171,Katz
172,Yakidoo
173,Ainyx
174,Oodoo
175,Zooveo
176,Brainverse
177,Zoomcast
178,Rhynyx
179,Quire
180,Skibox
181,Mynte
182,Divape
183,Browsecat
184,Skaboo
185,Teklist
186,Eare
187,Avaveo
188,Livetube
189,Buzzbean
190,Skaboo
191,Eire
192,Realmix
193,Kanoodle
194,Agivu
195,Feedfish
196,Skimia
197,Zoonder
198,Dynabox
199,Gevee
200,Yoveo
201,Photolist
202,Skiptube
203,Twimbo
204,Flipbug
205,Rhynyx
206,Pixoboo
207,Bubblemix
208,Vinder
209,Layo
210,Voomm
211,Gigashots
212,Tazzy
213,Thoughtblab
214,Ailane
215,Yoveo
216,Avamm
217,Aimbo
218,Fadeo
219,Zoonoodle
220,Rhycero
221,Eamia
222,Ntags
223,Mycat
224,Linkbridge
225,Babbleopia
226,Babbleset
227,Jabbertype
228,Brightbean
229,Wordify
230,Blogspan
231,Jetwire
232,Centimia
233,Fivechat
234,Photobean
235,Skyvu
236,Youspan
237,Quinu
238,Agimba
239,Podcat
240,Skyba
241,Rhynyx
242,Jabberbean
243,Tagcat
244,Skajo
245,Gabtype
246,Flipbug
247,Yakidoo
248,Brightbean
249,Yodel
250,Rhynoodle
251,Skinder
252,Kanoodle
253,Jabbercube
254,Tazz
255,Yombu
256,Eadel
257,Edgeblab
258,Dabjam
259,Twitterbeat
260,Geba
261,Brainlounge
262,Oba
263,Fliptune
264,Youspan
265,Myworks
266,Trunyx
267,Oyoba
268,Livepath
269,Browsezoom
270,Twimbo
271,Edgeblab
272,Fanoodle
273,Jaxbean
274,Jazzy
275,Zoombeat
276,Tagfeed
277,Thoughtworks
278,Zoonoodle
279,Photolist
280,Lajo
281,Kazio
282,Youopia
283,Youspan
284,Cogibox
285,Blogtag
286,Quamba
287,Voomm
288,Yodel
289,Yakijo
290,Innojam
291,Digitube
292,Linkbuzz
293,Ntags
294,Yamia
295,BlogXS
296,Kanoodle
297,Talane
298,Twitterworks
299,Yotz
300,Shuffledrive
301,Livefish
302,Flashdog
303,Podcat
304,Photobean
305,Abata
306,Pixonyx
307,Skyble
308,Edgeclub
309,Mybuzz
310,Thoughtworks
311,InnoZ
312,Zoonoodle
313,BlogXS
314,Roombo
315,Vinder
316,Divape
317,Linklinks
318,Rhyzio
319,Chatterbridge
320,Wikibox
321,Photospace
322,Kimia
323,Oloo
324,Topicware
325,BlogXS
326,Photobug
327,Riffwire
328,Buzzshare
329,Jabberbean
330,Skivee
331,Photobean
332,Dynabox
333,Chatterbridge
334,Skidoo
335,Avavee
336,Flashdog
337,Agimba
338,Skibox
339,Devpoint
340,Thoughtbeat
341,Lazz
342,Ooba
343,Jaxspan
344,Aimbo
345,Demimbu
346,Katz
347,BlogXS
348,Skimia
349,Brightdog
350,Teklist
351,Livefish
352,Browsebug
353,Brainverse
354,Oloo
355,Flipstorm
356,Quinu
357,Yadel
358,Myworks
359,Brightdog
360,Feedspan
361,Livepath
362,Jabberbean
363,Rhycero
364,Leexo
365,Meevee
366,Fatz
367,Livefish
368,Skipstorm
369,Feedbug
370,Trupe
371,Wikibox
372,Pixoboo
373,Buzzshare
374,Tagcat
375,Fliptune
376,Skyndu
377,Yambee
378,Wordify
379,Voomm
380,Pixonyx
381,Twinte
382,Yacero
383,Edgetag
384,Zoonder
385,Yodel
386,Einti
387,Wikibox
388,Thoughtworks
389,Edgeclub
390,Ooba
391,Gigaclub
392,Oyope
393,Wordtune
394,Divavu
395,Bubblebox
396,Miboo
397,Gigaclub
398,Dabtype
399,Voonix
400,Livepath
401,Wikivu
402,Oba
403,Voomm
404,Jabberbean
405,Oyope
406,Bluejam
407,Buzzshare
408,Skyvu
409,Skalith
410,Twinder
411,Zooveo
412,Jazzy
413,Realcube
414,Wikido
415,Cogibox
416,Oyope
417,Divanoodle
418,Rhybox
419,Skinder
420,Nlounge
421,Quatz
422,Jaxbean
423,Skynoodle
424,Jazzy
425,Realpoint
426,Jabberbean
427,Wordtune
428,Topdrive
429,Muxo
430,Avamba
431,Latz
432,Kaymbo
433,Vinte
434,Latz
435,Dabshots
436,Podcat
437,Kazu
438,Aimbo
439,Linklinks
440,Ooba
441,Yoveo
442,Skippad
443,Kare
444,Livetube
445,Oloo
446,Realcube
447,Tazz
448,Ailane
449,Gigazoom
450,Jabberstorm
451,BlogXS
452,Skipfire
453,Blogtags
454,Eire
455,Jaloo
456,Realbuzz
457,Meetz
458,Kimia
459,Quinu
460,Midel
461,Jabbersphere
462,Youspan
463,Skimia
464,Skipfire
465,Plambee
466,Realfire
467,Zoomzone
468,Oyoba
469,Kwimbee
470,Roombo
471,Devify
472,Skidoo
473,Linktype
474,Zoozzy
475,Skipfire
476,Ntags
477,Oba
478,Oloo
479,Realblab
480,Dazzlesphere
481,Yambee
482,Leenti
483,Pixoboo
484,Mydeo
485,Topicshots
486,Quimba
487,Vinder
488,Skinder
489,Rhycero
490,Kwimbee
491,Trunyx
492,Yacero
493,Fiveclub
494,Babbleset
495,Buzzdog
496,Skyndu
497,Twitterwire
498,Topicshots
499,Centidel
500,Yombu
501,Wikizz
502,Agivu
503,Skinix
504,Gabcube
505,Myworks
506,Brainverse
507,Meevee
508,Eamia
509,Teklist
510,Riffpedia
511,Zoovu
512,Buzzshare
513,Yoveo
514,Trilia
515,Abata
516,Mynte
517,Twinte
518,Skipstorm
519,DabZ
520,Quatz
521,Teklist
522,Plajo
523,Jetwire
524,Gigaclub
525,Tagchat
526,Oyope
527,Vinder
528,Avavee
529,Youspan
530,Jatri
531,Flipstorm
532,Innotype
533,Centimia
534,Eare
535,Roodel
536,Edgeify
537,Zoomlounge
538,Dynabox
539,Jabbersphere
540,Voomm
541,Feedspan
542,Edgewire
543,Photolist
544,Meezzy
545,Gigabox
546,Thoughtbridge
547,Thoughtworks
548,Pixope
549,Jayo
550,Jaxbean
551,Thoughtworks
552,Flashdog
553,Realbridge
554,Kazio
555,Photojam
556,Topicshots
557,Kwinu
558,Youbridge
559,Skinte
560,Voomm
561,Flashpoint
562,Yacero
563,Skiptube
564,Midel
565,Teklist
566,Eayo
567,Dynava
568,Roombo
569,Voolith
570,Fadeo
571,Babbleblab
572,Realfire
573,Reallinks
574,Vidoo
575,Skinder
576,Twitterbridge
577,Wordpedia
578,Yodoo
579,Mydo
580,Yotz
581,Miboo
582,Voonder
583,Flipbug
584,Youspan
585,Oloo
586,Shuffletag
587,Shuffledrive
588,Linktype
589,Jabberbean
590,Blogtag
591,Skipfire
592,Vimbo
593,Realfire
594,Gabtype
595,Demizz
596,Kazio
597,Blogtag
598,Livetube
599,Skyvu
600,Innotype
601,Centidel
602,Twitterbeat
603,Roodel
604,Eabox
605,Twimbo
606,Flashdog
607,Fivespan
608,Jabberbean
609,Tekfly
610,Fivespan
611,Divape
612,Yakijo
613,Yamia
614,Meejo
615,Buzzbean
616,Rhyzio
617,Vipe
618,Trudoo
619,Edgepulse
620,Kazio
621,Oyonder
622,Dynabox
623,Agivu
624,Topiczoom
625,Izio
626,Oloo
627,Dabshots
628,Skippad
629,Twitterbeat
630,Trupe
631,Babbleblab
632,Jayo
633,Trudoo
634,Quinu
635,Mymm
636,Trudoo
637,Izio
638,Flashdog
639,Dynabox
640,Skinder
641,Dabtype
642,Yabox
643,Youtags
644,Rhyloo
645,Cogibox
646,Dynabox
647,Skyvu
648,Livefish
649,Zoovu
650,Bubblebox
651,Gabcube
652,Yozio
653,Oyope
654,Jatri
655,Oyope
656,Zooveo
657,Jaxnation
658,Quimm
659,Eabox
660,Roombo
661,Quinu
662,Oyope
663,Skinte
664,Skynoodle
665,Mynte
666,Buzzster
667,Tekfly
668,Quinu
669,Oyondu
670,Yamia
671,Zoomdog
672,Realfire
673,Riffpedia
674,Trudoo
675,Browsetype
676,Twinte
677,Edgeblab
678,Tavu
679,Chatterpoint
680,Meevee
681,Yombu
682,Skippad
683,Twinte
684,DabZ
685,Devpulse
686,Riffpath
687,Devify
688,Eire
689,Flashdog
690,Flipopia
691,Vitz
692,Brainsphere
693,Voolia
694,Ozu
695,Oyoloo
696,Linkbridge
697,Tagchat
698,Linkbridge
699,Digitube
700,Rhyloo
701,Bubbletube
702,Devpoint
703,Oozz
704,Zoombox
705,Blogpad
706,Mynte
707,Avavee
708,DabZ
709,Oyoba
710,Twitterbridge
711,Meevee
712,Divavu
713,Yamia
714,Vinte
715,Jetpulse
716,Avaveo
717,Oozz
718,Dabtype
719,Geba
720,Wordpedia
721,Bubbletube
722,Skyndu
723,Photojam
724,Twimm
725,Browsecat
726,Tanoodle
727,Zooxo
728,Yacero
729,Linkbuzz
730,Voolith
731,Kare
732,Oyondu
733,Babbleopia
734,Kare
735,Mudo
736,Topicshots
737,Topicware
738,Lazzy
739,Pixonyx
740,Feednation
741,Oozz
742,Mynte
743,Cogidoo
744,Mydeo
745,Rhybox
746,Oloo
747,Shufflebeat
748,Gigaclub
749,Zoombox
750,Digitube
751,Jabberbean
752,Edgepulse
753,Jetwire
754,Meemm
755,Flipstorm
756,Edgetag
757,Ainyx
758,Tanoodle
759,Yadel
760,Tavu
761,Twitterbridge
762,Plajo
763,Myworks
764,Meejo
765,Omba
766,Blognation
767,Browseblab
768,Yacero
769,Meevee
770,Zooveo
771,Topiclounge
772,Dabjam
773,Edgetag
774,Skimia
775,Photobug
776,Yakidoo
777,Tagchat
778,Plajo
779,Oyope
780,Vinder
781,Wordify
782,Agivu
783,Livetube
784,Blogspan
785,Skyvu
786,Ainyx
787,Kanoodle
788,Yamia
789,Jayo
790,Twitternation
791,Mydo
792,Demimbu
793,Voonyx
794,Katz
795,Yambee
796,Wikivu
797,Yadel
798,Bubblemix
799,Twitterbeat
800,Agimba
801,Roomm
802,Flipbug
803,Topicware
804,Skippad
805,Feedbug
806,Oodoo
807,Yambee
808,Dynava
809,Topiczoom
810,Lajo
811,Zoombox
812,Flashset
813,Fatz
814,Zoomcast
815,Edgeblab
816,Brightdog
817,Dazzlesphere
818,Minyx
819,Brainsphere
820,Fivespan
821,Voonyx
822,Zooxo
823,Rhycero
824,Yakidoo
825,Oloo
826,Yadel
827,Zooveo
828,Tagopia
829,Roodel
830,Quatz
831,Fivechat
832,Fanoodle
833,Yozio
834,Oloo
835,Skipfire
836,Mynte
837,Skibox
838,Jabbercube
839,Snaptags
840,Jabbercube
841,Vinder
842,Skinder
843,Brightdog
844,Plambee
845,Dabvine
846,Thoughtmix
847,Voonyx
848,Eidel
849,Gigabox
850,Youtags
851,Quinu
852,Kamba
853,Thoughtworks
854,Avaveo
855,Edgeblab
856,Jatri
857,Meevee
858,Quimm
859,Gevee
860,Yadel
861,Digitube
862,Omba
863,Meedoo
864,Tekfly
865,Tagcat
866,Twitternation
867,Bubblemix
868,Janyx
869,Miboo
870,Lazz
871,Katz
872,Flipopia
873,Zoovu
874,Quamba
875,Brightbean
876,Buzzster
877,JumpXS
878,Shufflebeat
879,Mydeo
880,Plajo
881,Kanoodle
882,Quimba
883,Demizz
884,Linktype
885,Quatz
886,Dabshots
887,Tavu
888,Dablist
889,Voomm
890,Blogpad
891,Thoughtbeat
892,Youspan
893,JumpXS
894,Gabcube
895,Kayveo
896,Browseblab
897,Shufflebeat
898,Skaboo
899,Eazzy
900,Buzzster
901,Chatterpoint
902,Brainverse
903,Geba
904,Buzzshare
905,Quatz
906,Quinu
907,Yotz
908,Edgepulse
909,Dabtype
910,Browsezoom
911,Twiyo
912,Trudoo
913,Gevee
914,Muxo
915,Tagtune
916,Photobug
917,Tazzy
918,Shuffledrive
919,Dabtype
920,Katz
921,Ozu
922,Vinte
923,Rhynoodle
924,Kanoodle
925,Dabfeed
926,Topicstorm
927,Eayo
928,Zoomlounge
929,Realfire
930,Divanoodle
931,Realpoint
932,Trudoo
933,Roomm
934,Skimia
935,Skipfire
936,Thoughtworks
937,Photospace
938,Tagcat
939,Dynazzy
940,Jetwire
941,Skyvu
942,Photobean
943,Tambee
944,LiveZ
945,Ozu
946,Kwinu
947,Realpoint
948,Jayo
949,Dabfeed
950,Brightbean
951,Mydo
952,Mynte
953,Brainlounge
954,Roodel
955,Tekfly
956,Zava
957,Myworks
958,Rhyloo
959,Feedspan
960,Eadel
961,Jetwire
962,Cogilith
963,Trupe
964,Plajo
965,Meezzy
966,Gabspot
967,Riffpedia
968,Camimbo
969,Edgetag
970,Topicblab
971,Realpoint
972,Avavee
973,Tagfeed
974,Edgeify
975,Edgeify
976,Trunyx
977,Thoughtstorm
978,Izio
979,Jamia
980,Digitube
981,Tagfeed
982,Realpoint
983,Tanoodle
984,Meejo
985,Thoughtworks
986,Oyonder
987,Gigabox
988,Gigashots
989,Centimia
990,Eire
991,Voolia
992,Abatz
993,Realmix
994,Ntags
995,Innojam
996,Browsezoom
997,Mycat
998,Ntags
999,Topicware
1000,Yakijo
